{"cameraMode":{"drawMode":0,"name":"Shaded","section":"Shading Mode"},"sceneLighting":true,"audioPlay":false,"sceneViewState":{"m_AlwaysRefresh":false,"showFog":true,"showSkybox":true,"showFlares":true,"showImageEffects":true,"showParticleSystems":true,"showVisualEffectGraphs":true,"m_FxEnabled":true},"in2DMode":false,"pivot":{"x":485.9981689453125,"y":162.64065551757813,"z":46.12599182128906},"rotation":{"x":-0.03246689215302467,"y":0.9673001766204834,"z":-0.18834884464740754,"w":-0.16673991084098817},"size":139.84259033203126,"orthographic":false}