{"cameraMode":{"drawMode":0,"name":"Shaded","section":"Shading Mode"},"sceneLighting":true,"audioPlay":false,"sceneViewState":{"m_AlwaysRefresh":false,"showFog":true,"showSkybox":true,"showFlares":true,"showImageEffects":true,"showParticleSystems":true,"showVisualEffectGraphs":true,"m_FxEnabled":true},"in2DMode":false,"pivot":{"x":-2.5723533630371095,"y":3.132913589477539,"z":0.45192527770996096},"rotation":{"x":0.16895684599876405,"y":0.1311512589454651,"z":-0.022689690813422204,"w":0.9765996932983398},"size":6.723349571228027,"orthographic":false}